<?xml version="1.0" encoding="utf-8"?>
<timezones>
    <timezone id="Pacific/Majuro"                    name="马朱罗"                         />
    <timezone id="Pacific/Midway"                    name="中途岛"                         />
    <timezone id="Pacific/Honolulu"                  name="檀香山"                         />
    <timezone id="America/Anchorage"                 name="安克雷奇"                        />
    <timezone id="America/Los_Angeles"               name="美国太平洋时间 (洛杉矶)"           />
    <timezone id="America/Tijuana"                   name="美国太平洋时间 (提华纳)"           />
    <timezone id="America/Phoenix"                   name="美国山区时间 (凤凰城)"                />
    <timezone id="America/Chihuahua"                 name="奇瓦瓦"                             />
    <timezone id="America/Denver"                    name="美国山区时间 (丹佛)"                 />
    <timezone id="America/Costa_Rica"                name="美国中部时间 (哥斯达黎加)"              />
    <timezone id="America/Chicago"                   name="美国中部时间 (芝加哥)"                />
    <timezone id="America/Mexico_City"               name="美国中部时间 (墨西哥城)"               />
    <timezone id="America/Regina"                    name="美国中部时间 (里贾纳)"                />
    <timezone id="America/Bogota"                    name="哥伦比亚时间 (波哥大)"                />
    <timezone id="America/New_York"                  name="美国东部时间 (纽约)"                 />
    <timezone id="America/Caracas"                   name="委内瑞拉时间 (加拉加斯)"               />
    <timezone id="America/Barbados"                  name="大西洋时间 (巴巴多斯)"                />
    <timezone id="America/Manaus"                    name="亚马逊标准时间 (马瑙斯)"               />
    <timezone id="America/Santiago"                  name="圣地亚哥"                            />
    <timezone id="America/St_Johns"                  name="纽芬兰时间 (圣约翰)"                     />
    <timezone id="America/Sao_Paulo"                 name="圣保罗"                             />
    <timezone id="America/Argentina/Buenos_Aires"    name="布宜诺斯艾利斯"                             />
    <timezone id="America/Godthab"                   name="戈特霍布"                                />
    <timezone id="America/Montevideo"                name="乌拉圭时间 (蒙得维的亚)"                   />
    <timezone id="Atlantic/South_Georgia"            name="南乔治亚"                                />
    <timezone id="Atlantic/Azores"                   name="亚述尔群岛"                               />
    <timezone id="Atlantic/Cape_Verde"               name="佛得角"                                     />
    <timezone id="Africa/Casablanca"                 name="卡萨布兰卡"                               />
    <timezone id="Europe/London"                     name="格林尼治标准时间 (伦敦)"                       />
    <timezone id="Europe/Amsterdam"                  name="中欧标准时间 (阿姆斯特丹)"                      />
    <timezone id="Europe/Belgrade"                   name="中欧标准时间 (贝尔格莱德)"                      />
    <timezone id="Europe/Brussels"                   name="中欧标准时间 (布鲁塞尔)"                       />
    <timezone id="Europe/Sarajevo"                   name="中欧标准时间 (萨拉热窝)"                           />
    <timezone id="Africa/Windhoek"                   name="温得和克"                                    />
    <timezone id="Africa/Brazzaville"                name="西部非洲标准时间 (布拉扎维)"                     />
    <timezone id="Asia/Amman"                        name="东欧标准时间 (安曼)"                             />
    <timezone id="Europe/Athens"                     name="东欧标准时间 (雅典)"                             />
    <timezone id="Asia/Beirut"                       name="东欧标准时间 (贝鲁特)"                            />
    <timezone id="Africa/Cairo"                      name="东欧标准时间 (开罗)"                             />
    <timezone id="Europe/Helsinki"                   name="东欧标准时间 (赫尔辛基)"                           />
    <timezone id="Asia/Jerusalem"                    name="以色列时间 (耶路撒冷)"                            />
    <timezone id="Europe/Minsk"                      name="明斯克"                                         />
    <timezone id="Africa/Harare"                     name="中部非洲标准时间 (哈拉雷)"                          />
    <timezone id="Asia/Baghdad"                      name="巴格达"                                         />
    <timezone id="Europe/Moscow"                     name="莫斯科"                                         />
    <timezone id="Asia/Kuwait"                       name="科威特"                                         />
    <timezone id="Africa/Nairobi"                    name="东部非洲标准时间 (内罗毕)"                          />
    <timezone id="Asia/Tehran"                       name="伊朗标准时间 (德黑兰)"                            />
    <timezone id="Asia/Baku"                         name="巴库"                                          />
    <timezone id="Asia/Tbilisi"                      name="第比利斯"                                        />
    <timezone id="Asia/Yerevan"                      name="埃里温"                                         />
    <timezone id="Asia/Dubai"                        name="迪拜"                                          />
    <timezone id="Asia/Kabul"                        name="阿富汗时间 (喀布尔)"                             />
    <timezone id="Asia/Karachi"                      name="卡拉奇"                                         />
    <timezone id="Asia/Oral"                         name="乌拉尔"                                         />
    <timezone id="Asia/Yekaterinburg"                name="叶卡捷林堡"                                       />
    <timezone id="Asia/Calcutta"                     name="加尔各答"                                        />
    <timezone id="Asia/Colombo"                      name="科伦坡"                                         />
    <timezone id="Asia/Katmandu"                     name="尼泊尔时间 (加德满都)"                            />
    <timezone id="Asia/Almaty"                       name="阿拉木图"                                        />
    <timezone id="Asia/Rangoon"                      name="缅甸时间 (仰光)"                                   />
    <timezone id="Asia/Krasnoyarsk"                  name="克拉斯诺亚尔斯克"                                />
    <timezone id="Asia/Bangkok"                      name="曼谷"                                          />
    <timezone id="Asia/Shanghai"                     name="中国标准时间 (北京)"                             />
    <timezone id="Asia/Hong_Kong"                    name="香港时间 (香港)"                                   />
    <timezone id="Asia/Irkutsk"                      name="伊尔库茨克时间 (伊尔库茨克)"                         />
    <timezone id="Asia/Kuala_Lumpur"                 name="吉隆坡"                                         />
    <timezone id="Australia/Perth"                   name="佩思"                                          />
    <timezone id="Asia/Taipei"                       name="台北时间 (台北)"                                   />
    <timezone id="Asia/Seoul"                        name="首尔"                                          />
    <timezone id="Asia/Tokyo"                        name="日本时间 (东京)"                                   />
    <timezone id="Asia/Yakutsk"                      name="雅库茨克时间 (雅库茨克)"                           />
    <timezone id="Australia/Adelaide"                name="阿德莱德"                                        />
    <timezone id="Australia/Darwin"                  name="达尔文"                                         />
    <timezone id="Australia/Brisbane"                name="布里斯班"                                        />
    <timezone id="Australia/Hobart"                  name="霍巴特"                                         />
    <timezone id="Australia/Sydney"                  name="悉尼"                                          />
    <timezone id="Asia/Vladivostok"                  name="海参崴时间 (符拉迪沃斯托克)"                         />
    <timezone id="Pacific/Guam"                      name="关岛"                                          />
    <timezone id="Asia/Magadan"                      name="马加丹时间 (马加丹)"                             />
    <timezone id="Pacific/Auckland"                  name="奥克兰"                                         />
    <timezone id="Pacific/Fiji"                      name="斐济"                                          />
    <timezone id="Pacific/Tongatapu"                 name="东加塔布"                                        />
</timezones>

