<?xml version="1.0" encoding="utf-8"?>
<timezones>
    <timezone id="Pacific/Majuro" name="Pacific/Majuro" />
    <timezone id="Pacific/Midway" name="Pacific/Midway"/>
    <timezone id="Pacific/Honolulu" name="Pacific/Honolulu"/>
    <timezone id="America/Anchorage" name="America/Anchorage"/>
    <timezone id="America/Los_Angeles" name="America/Los_Angeles"/>
    <timezone id="America/Tijuana" name="America/Tijuana)"/>
    <timezone id="America/Phoenix" name="America/Phoenix"/>
    <timezone id="America/Chihuahua" name="America/Chihuahua"/>
    <timezone id="America/Denver" name="America/Denver"/>
    <timezone id="America/Costa_Rica" name="America/Costa_Rica"/>
    <timezone id="America/Chicago" name="America/Chicago"/>
    <timezone id="America/Mexico_City" name="America/Mexico_City"/>
    <timezone id="America/Regina" name="America/Regina"/>
    <timezone id="America/Bogota" name="America/Bogota"/>
    <timezone id="America/New_York" name="America/New_York"/>
    <timezone id="America/Caracas" name="America/Caracas"/>
    <timezone id="America/Barbados" name="America/Barbados"/>
    <timezone id="America/Manaus" name="America/Manaus"/>
    <timezone id="America/Santiago" name="America/Santiago"/>
    <timezone id="America/St_Johns" name="America/St_Johns"/>
    <timezone id="America/Sao_Paulo" name="America/Sao_Paulo"/>
    <timezone id="America/Argentina/Buenos_Aires" name="America/Argentina/Buenos_Aires"/>
    <timezone id="America/Godthab" name="America/Godthab"/>
    <timezone id="America/Montevideo" name="America/Montevideo"/>
    <timezone id="Atlantic/South_Georgia" name="Atlantic/South_Georgia"/>
    <timezone id="Atlantic/Azores" name="Atlantic/Azores"/>
    <timezone id="Atlantic/Cape_Verde" name="Atlantic/Cape_Verde"/>
    <timezone id="Africa/Casablanca" name="Africa/Casablanca"/>
    <timezone id="Europe/London" name="Europe/London"/>
    <timezone id="Europe/Amsterdam" name="Europe/Amsterdam"/>
    <timezone id="Europe/Belgrade" name="Europe/Belgrade"/>
    <timezone id="Europe/Brussels" name="Europe/Brussels"/>
    <timezone id="Europe/Sarajevo" name="Europe/Sarajevo"/>
    <timezone id="Africa/Windhoek" name="Africa/Windhoek"/>
    <timezone id="Africa/Brazzaville" name="Africa/Brazzaville"/>
    <timezone id="Asia/Amman" name="Asia/Amman"/>
    <timezone id="Europe/Athens" name="Europe/Athens"/>
    <timezone id="Asia/Beirut" name="Asia/Beirut"/>
    <timezone id="Africa/Cairo" name="Africa/Cairo"/>
    <timezone id="Europe/Helsinki" name="Europe/Helsinki"/>
    <timezone id="Asia/Jerusalem" name="Asia/Jerusalem"/>
    <timezone id="Europe/Minsk" name="Europe/Minsk"/>
    <timezone id="Africa/Harare" name="Africa/Harare"/>
    <timezone id="Asia/Baghdad" name="Asia/Baghdad"/>
    <timezone id="Europe/Moscow" name="Europe/Moscow"/>
    <timezone id="Asia/Kuwait" name="Asia/Kuwait"/>
    <timezone id="Africa/Nairobi" name="Africa/Nairobi"/>
    <timezone id="Asia/Tehran" name="Asia/Tehran"/>
    <timezone id="Asia/Baku" name="Asia/Baku"/>
    <timezone id="Asia/Tbilisi" name="Asia/Tbilisi"/>
    <timezone id="Asia/Yerevan" name="Asia/Yerevan"/>
    <timezone id="Asia/Dubai" name="Asia/Dubai"/>
    <timezone id="Asia/Kabul" name="Asia/Kabul"/>
    <timezone id="Asia/Karachi" name="Asia/Karachi"/>
    <timezone id="Asia/Oral" name="Asia/Oral"/>
    <timezone id="Asia/Yekaterinburg" name="Asia/Yekaterinburg"/>
    <timezone id="Asia/Calcutta" name="Asia/Calcutta"/>
    <timezone id="Asia/Colombo" name="Asia/Colombo"/>
    <timezone id="Asia/Katmandu" name="Asia/Katmandu"/>
    <timezone id="Asia/Almaty" name="Asia/Almaty"/>
    <timezone id="Asia/Rangoon" name="sia/Rangoon"/>
    <timezone id="Asia/Krasnoyarsk" name="Asia/Krasnoyarsk"/>
    <timezone id="Asia/Bangkok" name="Asia/Bangkok"/>
    <timezone id="Asia/Shanghai" name="Asia/China/Shanghai"/>
    <timezone id="Asia/Hong_Kong" name="Asia/Hong Kong"/>
    <timezone id="Asia/Irkutsk" name="Asia/Irkutsk"/>
    <timezone id="Asia/Kuala_Lumpur" name="Asia/Kuala Lumpur"/>
    <timezone id="Australia/Perth" name="Australia/Perth"/>
    <timezone id="Asia/Taipei" name="Asia/Taipei"/>
    <timezone id="Asia/Seoul" name="Asia/Seoul"/>
    <timezone id="Asia/Tokyo" name="Asia/Tokyo"/>
    <timezone id="Asia/Yakutsk" name="Asia/Yakutsk"/>
    <timezone id="Australia/Adelaide" name="Australia/Adelaide"/>
    <timezone id="Australia/Darwin" name="Australia/Darwin"/>
    <timezone id="Australia/Brisbane" name="Australia/Brisbane"/>
    <timezone id="Australia/Hobart" name="Australia/Hobart"/>
    <timezone id="Australia/Sydney" name="Australia/Sydney"/>
    <timezone id="Asia/Vladivostok" name="Asia/Vladivostok"/>
    <timezone id="Pacific/Guam" name="Pacific/Guam"/>
    <timezone id="Asia/Magadan" name="Asia/Magadan"/>
    <timezone id="Pacific/Auckland" name="Pacific/Auckland"/>
    <timezone id="Pacific/Fiji" name="Pacific/Fiji"/>
    <timezone id="Pacific/Tongatapu" name="Pacific/Tongatapu"/>
</timezones>